"Number of processes","1 images (9px) - round 1","1 images (9px) - round 2","1 images (9px) - average","19 images (9px) - round 1","19 images (9px) - round 2","19 images (9px) - average"
4,0.0519216,0.0500816,0.0510016000,0.0526135,0.052542,0.0525777500
5,0.0527575,0.0597918,0.0562746500,0.0586,0.0577441,0.0581720500
6,0.0526844,0.0638564,0.0582704000,0.0611685,0.0560177,0.0585931000
7,0.0663814,0.0563091,0.0613452500,0.055335,0.0633897,0.0593623500
8,0.068247,0.0654764,0.0668617000,0.0588822,0.0630099,0.0609460500