"Number of processes","1 images (9px)","19 images (9px)"
4,0.0510016000,0.0525777500
5,0.0562746500,0.0581720500
6,0.0582704000,0.0585931000
7,0.0613452500,0.0593623500
8,0.0668617000,0.0609460500