nbProcesses,"1 images (9px) - average","19 images (9px) - average"
1,0.0504568250,0.0521632250
2,0.0517301000,0.0557564750
3,0.0613192500,0.0613974250
4,0.0642553750,0.0714095000
5,0.0533117750,0.0620438250
6,0.0613690250,0.0645080500